{"packages/cupertino_icons/assets/CupertinoIcons.ttf":["packages/cupertino_icons/assets/CupertinoIcons.ttf"],"packages/fluttertoast/assets/toastify.css":["packages/fluttertoast/assets/toastify.css"],"packages/fluttertoast/assets/toastify.js":["packages/fluttertoast/assets/toastify.js"],"pliki_bazy/polecane.xlsx":["pliki_bazy/polecane.xlsx"],"pliki_bazy/zawody.xlsx":["pliki_bazy/zawody.xlsx"],"pliki_bazy/zawody2.csv":["pliki_bazy/zawody2.csv"],"zdjecia/logo/logo3_kb4.png":["zdjecia/logo/logo3_kb4.png"],"zdjecia/logo/logo_kb2.jpg":["zdjecia/logo/logo_kb2.jpg"],"zdjecia/partnerzy/gmoto.jpg":["zdjecia/partnerzy/gmoto.jpg"],"zdjecia/partnerzy/zen_com.jpg":["zdjecia/partnerzy/zen_com.jpg"]}